"Nummer","Wort","Klasse","Strategie"
1,"ab","2","Weiterschwingen"
2,"Abend","2","Merken Großschreibung"
3,"aber","3/4","Merken"
4,"Advent","1","Mitsprechen Großschreibung"
5,"Affe","--","--"
6,"Afrika","1","Mitsprechen"
7,"alle","2","Mitsprechen"
8,"allein","3/4","Mitsprechen"
9,"als","1","Mitsprechen"
10,"also","1","Mitsprechen"
11,"alt","--","--"
12,"am","1","Mitsprechen"
13,"Amerika","3/4","Mitsprechen"
14,"an","3/4","Merken Großschreibung"
15,"andere","--","--"
16,"Angst","2","Merken"
17,"antworten","2","Mitsprechen"
18,"Apfel","1","Mitsprechen Großschreibung"
19,"Arzt","3/4","Merken Großschreibung"
20,"Asien","--","--"
21,"auch","2","Mitsprechen"
22,"auf","1","Mitsprechen"
23,"aufpassen","--","--"
24,"aufwachen","--","--"
25,"Auge","2","Mitsprechen"
26,"aus","--","--"
27,"außerdem","--","--"
28,"Australien","1","Mitsprechen Großschreibung"
29,"Auto","3/4","Weiterschwingen Großschreibung"
30,"bald","1","Mitsprechen Großschreibung"
31,"Ball","2","Merken"
32,"Banane","--","--"
33,"bauen","--","--"
34,"Baum","1","Mitsprechen Großschreibung"
35,"befehlen","--","--"
36,"befiehlt","--","--"
37,"begegnen","--","--"
38,"bei","2","Mitsprechen"
39,"Beispiel","3/4","Merken Wortbausteine"
40,"bekommen","3/4","Weiterschwingen Großschreibung"
41,"belohnen","--","Merken Wortbausteine"
42,"Berg","1","Weiterschwingen Großschreibung"
43,"besiegen","3/4","Mitsprechen"
44,"besser","--","--"
45,"beste","--","--"
46,"Bett","3/4","Weiterschwingen Großschreibung"
47,"bevor","3/4","Merken"
48,"bin","--","--"
49,"Birne","2","Mitsprechen"
50,"bis","2","Mitsprechen"
51,"bisschen","3/4","Weiterschwingen"
52,"bist","--","--"
53,"bitten","3/4","Mitsprechen"
54,"bleiben","2","Mitsprechen"
55,"Boot","3/4","Merken Großschreibung"
56,"böse","2","Mitsprechen"
57,"brauchen","2","Mitsprechen"
58,"Brief","2","Weiterschwingen Großschreibung"
59,"bringen","2","Mitsprechen"
60,"Brot","--","--"
61,"Bruder","1","Mitsprechen Großschreibung"
62,"brummen","2","Mitsprechen Großschreibung"
63,"Buch","1","Mitsprechen Großschreibung"
64,"Burg","3/4","Weiterschwingen Großschreibung"
65,"Bus","1","Merken Großschreibung"
66,"Cent","3/4","Merken Großschreibung"
67,"Chor","1","Merken Großschreibung"
68,"Computer","--","--"
69,"da","1","Mitsprechen"
70,"danach","3/4","Mitsprechen"
71,"dann","1","Merken"
72,"darf","--","--"
73,"das","--","--"
75,"dein","2","Mitsprechen"
76,"denken","2","Merken"
77,"denn","1","Mitsprechen"
78,"der","--","--"
79,"Detektiv","--","--"
80,"dich","2","Mitsprechen"
81,"die","1","Mitsprechen"
82,"Dieb","3/4","Weiterschwingen Großschreibung"
83,"Dienstag","2","Weiterschwingen Großschreibung"
84,"dies","2","Mitsprechen"
85,"dir","2","Mitsprechen"
86,"doch","1","Mitsprechen"
87,"Donnerstag","--","Mitsprechen Großschreibung"
88,"doof","2","Weiterschwingen"
89,"doppelt","3/4","--"
90,"dort","3/4","Mitsprechen"
91,"Dose","2","--"
92,"draußen","--","Mitsprechen"
93,"drei","1","Mitsprechen"
94,"dumm","3/4","--"
95,"durch","2","Mitsprechen Weiterschwingen"
96,"dürfen","3/4","Mitsprechen"
97,"Durst","--","--"
98,"Ei","--","--"
99,"eigentlich","3/4","Mitsprechen Wortbausteine"
100,"Eimer","--","--"
101,"ein","1","Mitsprechen"
102,"einmal","3/4","Mitsprechen Wortbausteine"
103,"eins","1","Mitsprechen"
104,"Eis","--","--"
105,"Elefant","2","Mitsprechen Großschreibung"
106,"Eltern","2","Mitsprechen Großschreibung"
107,"endlich","3/4","Weiterschwingen Großschreibung Wortbausteine"
108,"er","1","Mitsprechen"
109,"Erdbeere","3/4","Weiterschwingen Wortbausteine"
110,"Ergebnis","3/4","Ableiten Wortbausteine"
111,"erklären","3/4","--"
112,"erschrecken","--","Mitsprechen Wortbausteine"
113,"erschrickt","3/4","--"
114,"erstens","--","Merken Wortbausteine"
115,"erzählen","--","--"
116,"es","1","Mitsprechen"
117,"essen","1","Mitsprechen"
118,"euch","2","Mitsprechen"
119,"Eule","1","Mitsprechen Wortbausteine"
120,"Europa","3/4","Mitsprechen Großschreibung"
121,"fahren","2","Merken"
122,"Fahrrad","3/4","Weiterschwingen Merken Großschreibung"
123,"fährt","--","--"
124,"fallen","1","Mitsprechen"
125,"fällt","--","--"
126,"fangen","2","Mitsprechen"
127,"fängt","--","--"
128,"fast","3/4","Mitsprechen"
129,"fehlen","--","--"
130,"Ferien","2","Merken Großschreibung"
131,"Fernseher","3/4","Mitsprechen"
132,"fertig","3/4","Weiterschwingen"
133,"Feuerwehr","--","--"
134,"finden","2","Mitsprechen"
135,"Fisch","--","--"
136,"Flasche","--","--"
137,"fliegen","1","Mitsprechen"
138,"Flugzeug","2","Mitsprechen"
139,"fragen","3/4","Weiterschwingen Großschreibung"
140,"Frau","1","Mitsprechen Großschreibung"
141,"Freitag","2","Weiterschwingen Großschreibung"
142,"fressen","3/4","Mitsprechen Wortbausteine"
143,"freuen","--","--"
144,"Freund","1","Mitsprechen Großschreibung"
145,"frisst","--","--"
146,"Frühstück","3/4","Weiterschwingen Großschreibung"
147,"Fuchs","3/4","Merken Großschreibung"
148,"für","1","Mitsprechen"
149,"Fuß","1","Weiterschwingen Großschreibung"
150,"füttern","--","--"
151,"Gabel","--","--"
152,"ganz","1","Großschreibung"
153,"geben","2","Mitsprechen"
154,"Geburt","--","--"
155,"gefährlich","3/4","Ableiten Merken Wortbausteine"
156,"gefallen","3/4","Mitsprechen Wortbausteine"
157,"gehen","1","Mitsprechen"
158,"gelb","1","Weiterschwingen"
159,"genug","3/4","Mitsprechen Weiterschwingen"
160,"gerade","3/4","Mitsprechen"
161,"gern","3/4","Mitsprechen"
162,"geschehen","3/4","Mitsprechen"
163,"Geschichte","3/4","Mitsprechen Großschreibung"
164,"gestern","1","Mitsprechen"
165,"gesund","2","Mitsprechen Weiterschwingen"
166,"gewinnen","3/4","Mitsprechen Wortbausteine"
167,"Gewitter","3/4","Mitsprechen Großschreibung"
168,"gibt","2","Mitsprechen"
169,"gießen","--","--"
170,"Giraffe","1","Weiterschwingen"
171,"Glück","3/4","Mitsprechen Weiterschwingen Großschreibung"
172,"groß","3/4","Mitsprechen Großschreibung"
173,"Gruppe","3/4","Mitsprechen Weiterschwingen"
174,"grüßen","2","Merken"
175,"gucken","3/4","Großschreibung"
176,"Haar","3/4","--"
177,"haben","2","Mitsprechen Weiterschwingen"
178,"halb","1","Mitsprechen"
179,"hallo","1","Mitsprechen"
180,"hält","--","--"
181,"halten","2","Weiterschwingen"
182,"Hand","1","Weiterschwingen Großschreibung"
183,"Handy","3/4","Merken Großschreibung"
184,"Hase","1","Mitsprechen Großschreibung"
185,"hat","--","--"
186,"hatte","--","--"
187,"Haus","1","Mitsprechen Großschreibung"
188,"Heft","--","--"
189,"heißen","2","Mitsprechen"
190,"helfen","2","Mitsprechen"
191,"heraus","--","--"
192,"herein","--","--"
193,"heute","1","Mitsprechen"
194,"Hexe","1","Merken Großschreibung"
195,"hier","2","Merken"
196,"hilft","--","--"
197,"hinein","--","--"
198,"hinter","2","Mitsprechen"
199,"hoffen","--","--"
200,"hören","1","Mitsprechen"
201,"Hose","1","Mitsprechen Großschreibung"
202,"Hummel","--","--"
203,"Hund","1","Weiterschwingen Großschreibung"
204,"Hunger","3/4","Mitsprechen Großschreibung"
205,"hungrig","3/4","Weiterschwingen Wortbausteine"
206,"ich","1","Mitsprechen"
207,"Idee","3/4","Merken Großschreibung"
208,"ihm","3/4","Merken"
209,"ihn","2","Merken"
210,"ihr","2","Merken"
211,"im","1","Mitsprechen"
212,"immer","2","Mitsprechen"
213,"in","1","Mitsprechen"
214,"ins","2","Mitsprechen"
215,"isst","--","--"
216,"ist","1","Mitsprechen"
217,"ja","1","Mitsprechen"
218,"Jacke","3/4","Mitsprechen Großschreibung"
219,"Jahr","2","Merken Großschreibung"
220,"jede","1","Mitsprechen"
221,"jetzt","3/4","Merken"
222,"jung","3/4","Weiterschwingen"
223,"Junge","1","Mitsprechen Großschreibung"
224,"kämpfen","3/4","Ableiten"
225,"kann","--","--"
226,"kaputt","3/4","Weiterschwingen"
227,"Karten","3/4","Mitsprechen Großschreibung"
228,"Käse","1","Merken Großschreibung"
229,"Katze","1","Mitsprechen Großschreibung"
230,"kaufen","1","Mitsprechen"
231,"kein","2","Mitsprechen"
232,"kennen","3/4","Mitsprechen"
233,"Kind","1","Weiterschwingen Großschreibung"
234,"Kirche","3/4","Mitsprechen Großschreibung"
235,"Kirsche","2","Mitsprechen Großschreibung"
236,"klappen","--","--"
237,"Klasse","--","--"
238,"klein","1","Mitsprechen"
239,"klettern","3/4","Mitsprechen"
240,"klug","--","--"
241,"Knopf","1","Weiterschwingen Großschreibung"
242,"kochen","1","Mitsprechen"
243,"kommen","1","Mitsprechen"
244,"können","3/4","--"
245,"Kopf","1","Weiterschwingen Großschreibung"
246,"Korb","--","--"
247,"krabbeln","--","--"
248,"Kreuz","3/4","Weiterschwingen Großschreibung"
249,"kriegen","2","Mitsprechen Großschreibung"
250,"Küche","--","--"
251,"Kuh","2","Weiterschwingen Großschreibung"
252,"kurz","3/4","Weiterschwingen"
253,"lachen","1","Mitsprechen"
254,"lang","3/4","Weiterschwingen"
255,"langsam","3/4","Weiterschwingen Wortbausteine"
256,"lassen","3/4","Mitsprechen"
257,"lässt","--","--"
258,"Laub","3/4","Merken Großschreibung"
259,"laufen","1","Mitsprechen"
260,"läuft","--","--"
261,"leer","3/4","Merken"
262,"Lehrer","3/4","Merken Großschreibung"
263,"lernen","1","Mitsprechen"
264,"lesen","1","Mitsprechen"
265,"letzte","--","--"
266,"lieb","1","Weiterschwingen"
267,"liegen","2","Mitsprechen"
268,"liest","--","--"
269,"Löffel","3/4","Mitsprechen Großschreibung"
270,"löschen","--","--"
271,"loslassen","--","--"
272,"Löwe","--","--"
273,"machen","2","Mitsprechen"
274,"mag","--","--"
275,"malen","1","Mitsprechen"
276,"Mama","--","--"
277,"man","1","Mitsprechen"
278,"Mann","1","Weiterschwingen Großschreibung"
279,"Mappe","--","--"
280,"Maus","1","Mitsprechen Großschreibung"
281,"Meer","3/4","Merken Großschreibung"
282,"mehr","2","Merken"
283,"mein","1","Mitsprechen"
284,"meistens","3/4","Mitsprechen"
285,"Messer","3/4","Mitsprechen Großschreibung"
286,"mich","2","Mitsprechen"
287,"Milch","1","Mitsprechen Großschreibung"
288,"Minute","2","Merken Großschreibung"
289,"mir","1","Mitsprechen"
290,"mit","1","Mitsprechen"
291,"mitnehmen","--","--"
292,"Mittag","3/4","Weiterschwingen Großschreibung"
293,"Mittwoch","2","Weiterschwingen Großschreibung"
294,"möchten","3/4","Mitsprechen"
295,"mögen","3/4","Mitsprechen"
296,"Mond","3/4","Weiterschwingen Großschreibung"
297,"Montag","2","Weiterschwingen Großschreibung"
298,"morgen","1","Mitsprechen"
299,"Mund","2","Weiterschwingen Großschreibung"
300,"muss","--","--"
301,"müssen","1","Mitsprechen"
302,"Mutter","1","Mitsprechen Großschreibung"
303,"Mütze","3/4","Mitsprechen Großschreibung"
304,"nach","1","Mitsprechen"
305,"Nachbar","3/4","Mitsprechen Großschreibung"
306,"Nachmittag","3/4","Weiterschwingen Großschreibung"
307,"nächste","3/4","Ableiten Merken"
308,"Nähe","3/4","Ableiten Großschreibung"
309,"nämlich","3/4","Merken Wortbausteine"
310,"Nase","1","Mitsprechen Großschreibung"
311,"Nashorn","--","--"
312,"nehmen","2","Merken"
313,"nein","1","Mitsprechen"
314,"Nest","2","Weiterschwingen"
315,"nett","--","--"
316,"neu","1","Mitsprechen"
317,"nicht","1","Mitsprechen"
318,"nichts","2","Mitsprechen"
319,"nie","2","Mitsprechen"
320,"nimmt","--","--"
321,"nirgendwo","--","--"
322,"noch","2","Mitsprechen"
323,"Note","--","--"
324,"nun","1","Mitsprechen"
325,"nur","2","Mitsprechen"
326,"ob","2","Merken"
327,"oder","1","Mitsprechen"
328,"oft","2","Mitsprechen"
329,"ohne","2","Merken"
330,"Oma","1","Mitsprechen"
331,"Opa","1","Mitsprechen"
332,"paar","3/4","Merken"
333,"Papa","--","--"
334,"Papagei","--","--"
335,"Pappe","--","--"
336,"passieren","--","--"
337,"Pferd","3/4","Mitsprechen Weiterschwingen Wortbausteine"
338,"Pflanze","1","Weiterschwingen Großschreibung"
339,"Pflaster","2","Mitsprechen"
340,"pflücken","3/4","Weiterschwingen Großschreibung Wortbausteine"
341,"Pinsel","--","--"
342,"Platz","2","Weiterschwingen Großschreibung"
343,"plötzlich","3/4","Merken Wortbausteine"
344,"Pullover","3/4","Merken Großschreibung"
345,"Puppe","1","Mitsprechen Großschreibung"
346,"Rauch","--","--"
347,"rechnen","2","Mitsprechen"
348,"Regen","1","Mitsprechen Großschreibung"
349,"reiten","--","--"
350,"rennen","1","Mitsprechen"
351,"Rettung","--","--"
352,"Rock","2","Weiterschwingen Großschreibung"
353,"rufen","1","Mitsprechen"
354,"ruhig","3/4","Mitsprechen Wortbausteine"
355,"Sache","--","--"
356,"sagen","1","Mitsprechen"
357,"sammeln","3/4","Mitsprechen"
358,"Samstag","2","Weiterschwingen Großschreibung"
359,"Schaf","--","--"
360,"schaffen","1","Mitsprechen"
361,"Schal","--","--"
362,"schauen","1","Mitsprechen"
363,"Schaufel","--","--"
364,"Schaukel","--","--"
365,"schaukeln","--","--"
366,"schenken","--","--"
367,"Schiff","3/4","Mitsprechen Großschreibung"
368,"schimpfen","2","Mitsprechen"
369,"schlafen","1","Mitsprechen"
370,"schläft","--","--"
371,"schlecht","--","--"
372,"schlimm","3/4","Weiterschwingen"
373,"Schloss","3/4","Weiterschwingen Großschreibung"
374,"Schluss","--","--"
375,"Schmetterling","3/4","Weiterschwingen Großschreibung"
376,"schmutzig","1","Merken Großschreibung"
377,"Schnee","--","Mitsprechen Wortbausteine"
378,"schneiden","2","Mitsprechen"
379,"schnell","1","Weiterschwingen"
380,"Schnupfen","--","--"
381,"schön","1","Mitsprechen"
382,"schon","1","Mitsprechen"
383,"Schrank","3/4","Großschreibung"
384,"schrecklich","--","--"
385,"schreiben","1","Mitsprechen"
386,"schreien","1","Mitsprechen"
387,"Schule","2","Mitsprechen Großschreibung"
388,"schwarz","1","Merken"
389,"Schwein","--","--"
390,"schwimmen","3/4","Mitsprechen"
391,"See","3/4","Merken Großschreibung"
392,"sehen","1","Mitsprechen"
393,"sehr","2","Merken"
394,"sein","2","Mitsprechen"
395,"seit","2","Mitsprechen"
396,"Seite","--","--"
397,"selbst","3/4","Ableiten Merken"
398,"sich","2","Mitsprechen"
399,"sie","1","Mitsprechen"
400,"sieht","--","--"
401,"sind","1","Merken"
402,"singen","1","Mitsprechen"
403,"sitzen","1","Mitsprechen"
404,"sollen","2","Mitsprechen Weiterschwingen"
405,"Sonne","1","Mitsprechen Großschreibung"
406,"Sonntag","2","Weiterschwingen Großschreibung"
407,"Spaß","3/4","Weiterschwingen Großschreibung"
408,"spät","3/4","Merken"
409,"Spiegel","3/4","Mitsprechen Großschreibung"
410,"spielen","1","Mitsprechen"
411,"Spinne","1","Mitsprechen Großschreibung"
412,"Sport","2","Mitsprechen Großschreibung"
413,"springen","2","Mitsprechen"
414,"spritzen","3/4","Mitsprechen"
415,"Stadt","3/4","Merken Großschreibung"
416,"stehen","1","Mitsprechen"
417,"steigen","3/4","Mitsprechen"
418,"Stein","1","Mitsprechen Großschreibung"
419,"stellen","2","Mitsprechen"
420,"Stern","2","Mitsprechen Großschreibung"
421,"Straße","3/4","Mitsprechen Großschreibung"
422,"streiten","3/4","Mitsprechen"
423,"Stück","3/4","Weiterschwingen"
424,"Stunde","--","Weiterschwingen Großschreibung"
425,"süß","2","Mitsprechen Großschreibung"
426,"Tafel","3/4","--"
427,"Tag","1","Weiterschwingen Großschreibung"
428,"Tasche","--","--"
429,"Tasse","1","Weiterschwingen Großschreibung"
430,"Teller","3/4","Weiterschwingen Großschreibung"
431,"Tipp","3/4","Mitsprechen Großschreibung"
432,"tippen","--","--"
433,"Tisch","--","--"
434,"Tod","--","--"
435,"toll","1","Weiterschwingen"
436,"tot","--","--"
437,"tragen","2","Mitsprechen"
438,"trägt","--","--"
439,"Treppe","--","--"
440,"trinken","--","--"
441,"tun","1","Mitsprechen"
442,"über","--","--"
443,"Uhr","1","Mitsprechen"
444,"Uhu","2","Merken Großschreibung"
445,"um","--","--"
446,"und","1","Mitsprechen"
447,"Ungeheuer","1","Großschreibung"
448,"uns","--","--"
449,"unter","2","Mitsprechen"
450,"Urlaub","1","Mitsprechen"
451,"Vampir","3/4","Weiterschwingen Großschreibung"
452,"Vater","--","--"
453,"verbieten","3/4","Merken Wortbausteine"
454,"verdoppeln","--","--"
455,"vergessen","3/4","Merken Wortbausteine"
456,"vergisst","--","--"
457,"Verkäufer","3/4","Ableiten Merken Großschreibung Wortbausteine"
458,"verletzen","3/4","Merken Wortbausteine"
459,"verlieren","3/4","Merken Wortbausteine"
460,"vermissen","--","--"
461,"verrückt","3/4","Weiterschwingen Merken Wortbausteine"
462,"versprechen","3/4","Merken Wortbausteine"
463,"verspricht","--","--"
464,"verstecken","3/4","Merken Wortbausteine"
465,"versuchen","2","Merken Wortbausteine"
466,"viel","3/4","Weiterschwingen Merken Wortbausteine"
467,"vielleicht","--","--"
468,"vier","1","Merken Großschreibung"
469,"Vogel","1","Merken"
470,"voll","2","Merken"
471,"vom","2","Merken"
472,"von","3/4","Merken Wortbausteine"
473,"vor","2","Merken"
474,"voraus","1","Merken"
475,"vorbei","3/4","Merken Wortbausteine"
476,"Vorfahrt","--","--"
477,"Vorname","--","--"
478,"Vorschlag","3/4","Merken Wortbausteine"
479,"vorsichtig","3/4","Merken Großschreibung"
480,"Vorteil","3/4","Merken"
481,"Waage","3/4","Weiterschwingen Merken Großschreibung Wortbausteine"
482,"wachen","--","--"
483,"wachsen","--","--"
484,"wächst","--","--"
485,"wahr","1","Weiterschwingen Großschreibung"
486,"Wald","--","--"
487,"wann","--","--"
488,"warum","1","Merken"
489,"was","1","Mitsprechen"
490,"Wasser","1","Mitsprechen Großschreibung"
491,"weg","--","--"
492,"Weg","2","Weiterschwingen Großschreibung"
493,"Weihnachten","2","Merken Großschreibung"
494,"weil","1","Mitsprechen"
495,"Weile","--","--"
496,"weinen","--","--"
497,"weiß","1","Weiterschwingen"
498,"weiter","--","--"
499,"welcher","2","Mitsprechen"
500,"Welt","3/4","Mitsprechen Großschreibung"
501,"wem","2","Mitsprechen"
502,"wen","2","Mitsprechen"
503,"wenig","2","Weiterschwingen"
504,"wenn","1","Merken"
505,"wer","1","Mitsprechen"
506,"werden","2","Mitsprechen"
507,"werfen","3/4","Mitsprechen"
508,"wie","1","Mitsprechen"
509,"wieder","2","Mitsprechen"
510,"will","--","--"
511,"wir","1","Mitsprechen"
512,"wird","--","--"
513,"wirft","--","--"
514,"wissen","3/4","Mitsprechen"
515,"wohnen","2","Merken"
516,"Wolke","--","--"
517,"wollen","2","Mitsprechen Weiterschwingen"
518,"wütend","3/4","--"
519,"Zahn","2","Merken Großschreibung"
520,"Zeit","2","Weiterschwingen Großschreibung"
521,"Ziege","2","Mitsprechen"
522,"ziehen","--","--"
523,"Zimmer","3/4","Mitsprechen Großschreibung"
524,"Zitrone","--","--"
525,"Zoo","1","Merken Großschreibung"
526,"zu","1","Mitsprechen"
527,"zuerst","3/4","Mitsprechen"
528,"Zug","3/4","Weiterschwingen Großschreibung"
529,"zum","--","--"
530,"zur","2","Mitsprechen"
531,"zurück","3/4","Merken"
532,"zusammen","3/4","Mitsprechen"
533,"zwei","1","Mitsprechen"