"Nr","Wort","Klasse","individual"
"1","alt","1",""
"2","am","1",""
"3","an","1",""
"4","auf","1",""
"5","aus","1",""
"6","das Auto","1",""
"7","die Banane","1",""
"8","der Baum","1",""
"9","bin","1",""
"10","der Bus","1",""
"11","da","1",""
"12","das","1",""
"13","der","1",""
"14","die","1",""
"15","die Dose","1",""
"16","das Ei","1",""
"17","ein","1",""
"18","das Eis","1",""
"19","der Elefant","1",""
"20","es","1",""
"21","die Eule","1",""
"22","der Fisch","1",""
"23","haben","1",""
"24","der Hase","1",""
"25","hat","1",""
"26","das Haus","1",""
"27","die Hose","1",""
"28","ich","1",""
"29","im","1",""
"30","in","1",""
"31","ist","1",""
"32","ja","1",""
"33","lesen","1",""
"34","der Löwe","1",""
"35","malen","1",""
"36","die Mama","1",""
"37","die Maus","1",""
"38","mein","1",""
"39","mit","1",""
"40","die Nase","1",""
"41","nein","1",""
"42","das Nest","1",""
"43","die Note","1",""
"44","die Oma","1",""
"45","der Opa","1",""
"46","der Papa","1",""
"47","rufen","1",""
"48","das Schaf","1",""
"49","der Schal","1",""
"50","die Schule","1",""
"51","der Tisch","1",""
"52","und","1",""
"53","wir","1",""
"54","zu","1",""
"55","die Schere","1","i"
"56","der Nikolaus","1","i"
"57","die Nudel","1","i"
"58","rot","1","i"
"59","blau","1","i"
"60","grün","1","i"
"61","bunt","1","i"
"62","der Salat","1","i"
"63","die Tulpe","1","i"
"64","lila","1","i"
"65","die Palme","1","i"
"66","die Ampel","1","i"
"67","die Post","1","i"
"68","der Name","1","i"
"69","also","2",""
"70","antworten","2",""
"71","der Apfel","2",""
"72","auch","2",""
"73","aufwachen","2",""
"74","das Auge","2",""
"75","bauen","2",""
"76","bei","2",""
"77","beste","2",""
"78","die Birne","2",""
"79","bis","2",""
"80","bist","2",""
"81","bleiben","2",""
"82","böse","2",""
"83","das Brot","2",""
"84","der Bruder","2",""
"85","das Buch","2",""
"86","dein","2",""
"87","denken","2",""
"88","dich","2",""
"89","dir","2",""
"90","doch","2",""
"91","drei","2",""
"92","der Eimer","2",""
"93","einmal","2",""
"94","eins","2",""
"95","er","2",""
"96","euch","2",""
"97","fast","2",""
"98","die Ferien","2",""
"99","finden","2",""
"100","die Flasche","2",""
"101","fragen","2",""
"102","die Frau","2",""
"103","freuen","2",""
"104","für","2",""
"105","die Gabel","2",""
"106","gehen","2",""
"107","das Heft","2",""
"108","heute","2",""
"109","die Hexe","2",""
"110","hinter","2",""
"111","hören","2",""
"112","ins","2",""
"113","jede","2",""
"114","der Junge","2",""
"115","der Käse","2",""
"116","kaufen","2",""
"117","kein","2",""
"118","klein","2",""
"119","kochen","2",""
"120","der Kopf","2",""
"121","das Kreuz","2",""
"122","die Küche","2",""
"123","lachen","2",""
"124","lernen","2",""
"125","machen","2",""
"126","mich","2",""
"127","die Milch","2",""
"128","die Minute","2",""
"129","mir","2",""
"130","nach","2",""
"131","neu","2",""
"132","nicht","2",""
"133","noch","2",""
"134","nun","2",""
"135","nur","2",""
"136","oder","2",""
"137","oft","2",""
"138","der Papagei","2",""
"139","der Pinsel","2",""
"140","der Rauch","2",""
"141","rechnen","2",""
"142","der Regen","2",""
"143","reiten","2",""
"144","die Sache","2",""
"145","sagen","2",""
"146","schauen","2",""
"147","die Schaufel","2",""
"148","die Schaukel","2",""
"149","schaukeln","2",""
"150","schenken","2",""
"151","schlafen","2",""
"152","schneiden","2",""
"153","schon","2",""
"154","schön","2",""
"155","der Schrank","2",""
"156","schreiben","2",""
"157","schreien","2",""
"158","das Schwein","2",""
"159","sehen","2",""
"160","sein","2",""
"161","die Seite","2",""
"162","sich","2",""
"163","sie","2",""
"164","der Stein","2",""
"165","die Tafel","2",""
"166","die Tasche","2",""
"167","tragen","2",""
"168","tun","2",""
"169","über","2",""
"170","der Uhu","2",""
"171","um","2",""
"172","uns","2",""
"173","unter","2",""
"174","vom","2",""
"175","von","2",""
"176","vor","2",""
"177","warum","2",""
"178","was","2",""
"179","weinen","2",""
"180","wem","2",""
"181","wen","2",""
"182","wer","2",""
"183","wie","2",""
"184","die Wolke","2",""
"185","die Zeit","2",""
"186","die Zitrone","2",""
"187","zum","2",""
"188","zwei","2",""
"189","der Frühling","2","i"
"190","der Sommer","2","i"
"191","der Herbst","2","i"
"192","der Winter","2","i"
"193","der Igel","2","i"
"194","warm","2","i"
"195","kalt","2","i"
"196","der Schnee","2","i"
"197","der Drachen","2","i"
"198","steigen","2","i"
"199","blühen","2","i"
"200","heiß","2","i"
"201","dunkel","2","i"
"202","der Pilz","2","i"
"203","der Wind","2","i"
"204","die Laterne","2","i"
"205","der Sturm","2","i"
"206","Sankt Martin","2","i"
"207","die Kerze","2","i"
"208","der Nebel","2","i"
"209","das Blatt","2","i"
"210","die Gurke","2","i"
"211","die Tomate","2","i"
"212","die Paprika","2","i"
"213","der Kuchen","2","i"
"214","der Saft","2","i"
"215","das Obst","2","i"
"216","die Schokolade","2","i"
"217","die Pflaume","2","i"
"218","das Gemüse","2","i"
"219","die Ananas","2","i"
"220","das Fleisch","2","i"
"221","die Wurst","2","i"
"222","die Salami","2","i"
"223","das Salz","2","i"
"224","der Kakao","2","i"
"225","die Limonade","2","i"
"226","der Stift","2","i"
"227","das Lineal","2","i"
"228","das Etui","2","i"
"229","der Klebstoff","2","i"
"230","der Radiergummi","2","i"
"231","der Leoplaner","2","i"
"232","der Tornister","2","i"
"233","das Datum","2","i"
"234","die Hausaufgabe","2","i"
"235","der Filzstift","2","i"
"236","der Buntstift","2","i"
"237","die Tüte","2","i"
"238","der Malkasten","2","i"
"239","der Füller","2","i"
"240","die Farbe","2","i"
"241","der Schüler","2","i"
"242","die Schülerin","2","i"
"243","die Pause","2","i"
"244","Lünen","2","i"
"245","der Quatsch","2","i"
"246","das Regal","2","i"
"247","melden","2","i"
"248","der Zweig","2","i"
"249","der Ast","2","i"
"250","der Schneemann","2","i"
"251","singen","2","i"
"252","das Fest","2","i"
"253","ab","3",""
"254","der Abend","3",""
"255","aber","3",""
"256","der Affe","3",""
"257","alle","3",""
"258","allein","3",""
"259","als","3",""
"260","andere","3",""
"261","aufpassen","3",""
"262","bald","3",""
"263","der Ball","3",""
"264","das Beispiel","3",""
"265","bekommen","3",""
"266","der Berg","3",""
"267","besiegen","3",""
"268","besser","3",""
"269","das Bett","3",""
"270","bevor","3",""
"271","bitten","3",""
"272","brauchen","3",""
"273","der Brief","3",""
"274","bringen","3",""
"275","brummen","3",""
"276","die Burg","3",""
"277","der Cent","3",""
"278","danach","3",""
"279","dann","3",""
"280","davor","3",""
"281","denn","3",""
"282","der Dieb","3",""
"283","der Dienstag","3",""
"284","dies","3",""
"285","der Donnerstag","3",""
"286","doppelt","3",""
"287","dort","3",""
"288","dumm","3",""
"289","durch","3",""
"290","der Durst","3",""
"291","die Eltern","3",""
"292","erklären","3",""
"293","fertig","3",""
"294","fliegen","3",""
"295","das Flugzeug","3",""
"296","der Freitag","3",""
"297","der Freund","3",""
"298","füttern","3",""
"299","gefallen","3",""
"300","gelb","3",""
"301","genug","3",""
"302","gern","3",""
"303","die Geschichte","3",""
"304","gestern","3",""
"305","gesund","3",""
"306","gewinnen","3",""
"307","das Gewitter","3",""
"308","die Giraffe","3",""
"309","die Gruppe","3",""
"310","halb","3",""
"311","hallo","3",""
"312","die Hand","3",""
"313","hatte","3",""
"314","hier","3",""
"315","hoffen","3",""
"316","die Hummel","3",""
"317","der Hund","3",""
"318","der Hunger","3",""
"319","immer","3",""
"320","jung","3",""
"321","die Karten","3",""
"322","die Katze","3",""
"323","kennen","3",""
"324","das Kind","3",""
"325","die Kirsche","3",""
"326","klappen","3",""
"327","die Klasse","3",""
"328","klettern","3",""
"329","kommen","3",""
"330","der Korb","3",""
"331","krabbeln","3",""
"332","kurz","3",""
"333","lang","3",""
"334","das Laub","3",""
"335","lieb","3",""
"336","liegen","3",""
"337","der Löffel","3",""
"338","löschen","3",""
"339","der Mann","3",""
"340","die Mappe","3",""
"341","das Messer","3",""
"342","der Mittag","3",""
"343","der Mittwoch","3",""
"344","möchten","3",""
"345","der Mond","3",""
"346","der Montag","3",""
"347","morgen","3",""
"348","der Mund","3",""
"349","die Mutter","3",""
"350","die Mütze","3",""
"351","der Nachmittag","3",""
"352","das Nashorn","3",""
"353","nett","3",""
"354","nie","3",""
"355","die Pappe","3",""
"356","das Pferd","3",""
"357","der Platz","3",""
"358","plötzlich","3",""
"359","die Puppe","3",""
"360","rennen","3",""
"361","sammeln","3",""
"362","der Samstag","3",""
"363","schaffen","3",""
"364","das Schiff","3",""
"365","schlecht","3",""
"366","schlimm","3",""
"367","das Schloss","3",""
"368","der Schluss","3",""
"369","schnell","3",""
"370","schwarz","3",""
"371","schwimmen","3",""
"372","seit","3",""
"373","sind","3",""
"374","singen","3",""
"375","sitzen","3",""
"376","sollen","3",""
"377","die Sonne","3",""
"378","der Sonntag","3",""
"379","spät","3",""
"380","der Spiegel","3",""
"381","spielen","3",""
"382","die Spinne","3",""
"383","der Sport","3",""
"384","springen","3",""
"385","stehen","3",""
"386","stellen","3",""
"387","der Stern","3",""
"388","streiten","3",""
"389","die Stunde","3",""
"390","der Tag","3",""
"391","die Tasse","3",""
"392","der Teller","3",""
"393","der Tipp","3",""
"394","tippen","3",""
"395","toll","3",""
"396","die Treppe","3",""
"397","trinken","3",""
"398","der Vater","3",""
"399","viel","3",""
"400","vier","3",""
"401","der Vogel","3",""
"402","voll","3",""
"403","wachen","3",""
"404","der Wald","3",""
"405","wann","3",""
"406","das Wasser","3",""
"407","der Weg","3",""
"408","weil","3",""
"409","weiter","3",""
"410","die Welt","3",""
"411","wenn","3",""
"412","werfen","3",""
"413","wieder","3",""
"414","die Ziege","3",""
"415","das Zimmer","3",""
"416","der Zug","3",""
"417","zur","3",""
"418","zusammen","3",""
"419","Deutsch","3","i"
"420","die Kunst","3","i"
"421","die Religion","3","i"
"422","der Gott","3","i"
"423","Jesus","3","i"
"424","die Bibel","3","i"
"425","das Testament","3","i"
"426","der Karneval","3","i"
"427","Ostern","3","i"
"428","Pfingsten","3","i"
"429","der Januar","3","i"
"430","der Februar","3","i"
"431","der März","3","i"
"432","der April","3","i"
"433","der Mai","3","i"
"434","der Juni","3","i"
"435","der Juli","3","i"
"436","der August","3","i"
"437","der September","3","i"
"438","der Oktober","3","i"
"439","der November","3","i"
"440","der Dezember","3","i"
"441","der Kalender","3","i"
"442","das Mädchen","3","i"
"443","die Schwester","3","i"
"444","wie viel …?","3","i"
"445","obwohl","3","i"
"446","die Kartoffel","3","i"
"447","die Blüte","3","i"
"448","die Ernte","3","i"
"449","der Kartoffekäfer","3","i"
"450","die Knolle","3","i"
"451","die Larve","3","i"
"452","das Feld","3","i"
"453","das Wasser","3","i"
"454","flüssig","3","i"
"455","nass","3","i"
"456","nebelig","3","i"
"457","regnerisch","3","i"
"458","sonnig","3","i"
"459","bewölkt","3","i"
"460","der Graupel","3","i"
"461","der Orkan","3","i"
"462","die Kastanie","3","i"
"463","die Nacht","3","i"
"464","der Himmel","3","i"
"465","der Hagel","3","i"
"466","das Fahrzeug","3","i"
"467","das Motorrad","3","i"
"468","der Roller","3","i"
"469","wütend","3","i"
"470","zornig","3","i"
"471","neugierig","3","i"
"472","verliebt","3","i"
"473","glücklich","3","i"
"474","froh","3","i"
"475","fröhlich","3","i"
"476","der Advent","4",""
"477","Afrika","4",""
"478","Amerika","4",""
"479","die Angst","4",""
"480","der Arzt","4",""
"481","Asien","4",""
"482","außerdem","4",""
"483","Australien","4",""
"484","befehlen","4",""
"485","befiehlt","4",""
"486","begegnen","4",""
"487","belohnen","4",""
"488","bisschen","4",""
"489","das Boot","4",""
"490","der Chor","4",""
"491","der Computer","4",""
"492","darf","4",""
"493","der Detektiv","4",""
"494","doof","4",""
"495","draußen","4",""
"496","dürfen","4",""
"497","eigentlich","4",""
"498","endlich","4",""
"499","die Erdbeere","4",""
"500","das Ergebnis","4",""
"501","erschrecken","4",""
"502","erschrickt","4",""
"503","erstens","4",""
"504","erzählen","4",""
"505","essen","4",""
"506","Europa","4",""
"507","fahren","4",""
"508","das Fahrrad","4",""
"509","fährt","4",""
"510","fallen","4",""
"511","fällt","4",""
"512","fangen","4",""
"513","fängt","4",""
"514","fehlen","4",""
"515","der Fernseher","4",""
"516","die Feuerwehr","4",""
"517","fressen","4",""
"518","frisst","4",""
"519","das Frühstück","4",""
"520","der Fuchs","4",""
"521","der Fuß","4",""
"522","ganz","4",""
"523","geben","4",""
"524","die Geburt","4",""
"525","gefährlich","4",""
"526","gerade","4",""
"527","geschehen","4",""
"528","gibt","4",""
"529","gießen","4",""
"530","das Glück","4",""
"531","groß","4",""
"532","grüßen","4",""
"533","gucken","4",""
"534","das Haar","4",""
"535","hält","4",""
"536","halten","4",""
"537","das Handy","4",""
"538","heißen","4",""
"539","helfen","4",""
"540","heraus","4",""
"541","herein","4",""
"542","hilft","4",""
"543","hinein","4",""
"544","hungrig","4",""
"545","die Idee","4",""
"546","ihm","4",""
"547","ihn","4",""
"548","ihr","4",""
"549","isst","4",""
"550","die Jacke","4",""
"551","das Jahr","4",""
"552","jetzt","4",""
"553","kämpfen","4",""
"554","kann","4",""
"555","kaputt","4",""
"556","die Kirche","4",""
"557","klug","4",""
"558","der Knopf","4",""
"559","können","4",""
"560","kriegen","4",""
"561","die Kuh","4",""
"562","langsam","4",""
"563","lassen","4",""
"564","lässt","4",""
"565","laufen","4",""
"566","läuft","4",""
"567","leer","4",""
"568","der Lehrer","4",""
"569","letzte","4",""
"570","liest","4",""
"571","loslassen","4",""
"572","mag","4",""
"573","man","4",""
"574","das Meer","4",""
"575","mehr","4",""
"576","meistens","4",""
"577","mitnehmen","4",""
"578","mögen","4",""
"579","muss","4",""
"580","müssen","4",""
"581","der Nachbar","4",""
"582","nächste","4",""
"583","die Nähe","4",""
"584","nämlich","4",""
"585","nehmen","4",""
"586","nichts","4",""
"587","nimmt","4",""
"588","nirgendwo","4",""
"589","ob","4",""
"590","ohne","4",""
"591","paar","4",""
"592","passieren","4",""
"593","die Pflanze","4",""
"594","das Pflaster","4",""
"595","pflücken","4",""
"596","der Pullover","4",""
"597","die Rettung","4",""
"598","der Rock","4",""
"599","ruhig","4",""
"600","schimpfen","4",""
"601","schläft","4",""
"602","der Schmetterling","4",""
"603","schmutzig","4",""
"604","der Schnupfen","4",""
"605","schrecklich","4",""
"606","der See","4",""
"607","sehr","4",""
"608","selbst","4",""
"609","sieht","4",""
"610","der Spaß","4",""
"611","spritzen","4",""
"612","die Stadt","4",""
"613","die Straße","4",""
"614","das Stück","4",""
"615","süß","4",""
"616","der Tod","4",""
"617","tot","4",""
"618","trägt","4",""
"619","die Uhr","4",""
"602","das Ungeheuer","4",""
"621","der Urlaub","4",""
"622","der Vampir","4",""
"623","verbieten","4",""
"624","verdoppeln","4",""
"625","vergessen","4",""
"626","vergisst","4",""
"627","der Verkäufer","4",""
"628","verletzen","4",""
"629","verlieren","4",""
"630","vermissen","4",""
"631","verrückt","4",""
"632","versprechen","4",""
"633","verspricht","4",""
"634","verstecken","4",""
"635","versuchen","4",""
"636","vielleicht","4",""
"637","voraus","4",""
"638","vorbei","4",""
"639","die Vorfahrt","4",""
"640","der Vorname","4",""
"641","der Vorschlag","4",""
"642","vorsichtig","4",""
"643","der Vorteil","4",""
"644","die Waage","4",""
"645","wachsen","4",""
"646","wächst","4",""
"647","wahr","4",""
"648","weg","4",""
"649","Weihnachten","4",""
"650","die Weile","4",""
"651","weiß","4",""
"652","welcher","4",""
"653","wenig","4",""
"654","werden","4",""
"655","will","4",""
"656","wird","4",""
"657","wirft","4",""
"658","wissen","4",""
"659","wohnen","4",""
"660","wollen","4",""
"661","wütend","4",""
"662","der Zahn","4",""
"663","ziehen","4",""
"664","der Zoo","4",""
"665","zuerst","4",""
"666","zurück","4",""
"667","die Klassenfahrt","4","i"
"668","der Ritter","4","i"
"669","der König","4","i"
"670","die Königin","4","i"
"671","der Prinz","4","i"
"672","die Prinzessin","4","i"
"673","der Turm","4","i"
"674","die Höhle","4","i"
"675","die Mauer","4","i"
"676","die Waffe","4","i"
"677","das Schwert","4","i"
"678","der Ausflug","4","i"
"679","das Märchen","4","i"
"680","der Pirat","4","i"
"681","der Planet","4","i"
"682","der Weltraum","4","i"
"683","der Astronaut","4","i"
"684","die Rakete","4","i"
"685","der Ring","4","i"
"686","anschließend","4","i"
"687","zuletzt","4","i"
"688","weiterhin","4","i"
"689","schließlich","4","i"
"690","auffällig","4","i"
"691","zusätzlich","4","i"
"692","das Ende","4","i"
"693","der Satz","4","i"
"694","der Verkehr","4","i"
"695","das Schild","4","i"
"696","die Bremse","4","i"
"697","bremsen","4","i"
"698","die Glocke","4","i"
"699","der Sattel","4","i"
"700","der Zebrastreifen","4","i"
"701","das Licht","4","i"
"702","der Reifen","4","i"
"703","stoppen","4","i"
"704","rechts","4","i"
"705","links","4","i"
"706","die Polizei","4","i"
"707","der Polizist","4","i"
"708","die Kreuzung","4","i"
"709","die Mathematik","4","i"
"710","Englisch","4","i"
"711","der Sachunterricht","4","i"
"712","Deutschland","4","i"
"713","das Bundesland","4","i"
"714","die Lippe","4","i"
"715","der Fluss","4","i"
"716","Nordrhein-Westfalen","4","i"
"717","der Kegel","4","i"
"718","der Quader","4","i"
"719","die Kugel","4","i"
"720","die Pyramide","4","i"
"721","der Würfel","4","i"
"722","das Quadrat","4","i"
"723","das Rechteck","4","i"
"724","das Dreieck","4","i"
"725","der Kreis","4","i"
"726","das Viereck","4","i"
"727","der Zirkel","4","i"
"728","der Körper","4","i"
"729","der Hut","4","i"
"730","die Schuhe","4","i"
"731","die Jeans","4","i"
"732","das T-Shirt","4","i"
"7Details
"733","das Kleid","4","i"
"734","der Strumpf","4","i"
"735","der Socken","4","i"
"736","der Stiefel","4","i"
"737","die Brille","4","i"
"738","der Bart","4","i"
"739","das Stoppschild","4","i"